Cluster Name,Gaia DR3 Name,Membership Probability,Right Ascension (deg),Declination (deg),parallax (milli-arcseconds),GAIA g apparent mag,GAIA colour bp - rp
NGC_2682,604918316549770000,1,132.9855281,11.8,1.178,13.816404,0.770853
NGC_2682,604918316549770000,1,132.981559,11.81,1.155,13.733011,0.849861
NGC_2682,604918247830313000,1,132.8747992,11.85,1.161,13.943488,0.797421
NGC_2682,604918247830309000,1,132.8829384,11.85,1.155,13.85127,0.801016
NGC_2682,604919690939411000,1,132.9140578,11.86,1.165,11.871005,1.156933
NGC_2682,604917796857988000,1,132.8992721,11.81,1.152,13.462918,0.7534195
NGC_2682,604917766793981000,1,132.8856767,11.81,1.156,14.014697,0.791453
NGC_2682,604917732434252000,1,132.8478811,11.82,1.147,15.922245,1.215419
NGC_2682,604917698074587000,1,132.8400305,11.82,1.197,14.996793,0.966908
NGC_2682,604917698073662000,1,132.8329045,11.81,1.201,18.737257,-0.524195
NGC_2682,604917629355042000,1,132.8449655,11.8,1.158,10.169919,1.236659
NGC_2682,604917629355041000,1,132.8421994,11.81,1.169,15.436183,1.127803
NGC_2682,604917629355039000,1,132.8454254,11.81,1.164,12.549206,0.734937
NGC_2682,604917629355039000,1,132.8503111,11.81,1.156,12.679014,0.744835
NGC_2682,604917629355038000,1,132.8552415,11.8,1.166,13.985338,0.89904
NGC_2682,604917831217725000,1,132.8773505,11.82,1.173,12.542159,0.767435
NGC_2682,604918144751101000,1,132.870746,11.84,1.179,10.236862,1.257942
NGC_2682,604918140455367000,1,132.8663975,11.84,1.168,14.234067,0.84249
NGC_2682,604918110391371000,1,132.851504,11.83,1.154,14.8868475,0.949667
NGC_2682,604917938592657000,1,132.9245157,11.83,1.155,14.765704,0.91894
NGC_2682,604917869873191000,1,132.8939423,11.82,1.14,15.193318,1.200717
NGC_2682,604917865577462000,1,132.892781,11.83,1.158,12.715951,0.704548
NGC_2682,604917835513459000,1,132.8778161,11.81,1.185,15.566227,1.067028
NGC_2682,604917835513457000,1,132.8857601,11.81,1.123,11.031843,0.28443
NGC_2682,604922920754526000,1,132.9022017,11.91,1.168,14.985489,0.995654
NGC_2682,604920515573076000,1,132.8008921,11.81,1.171,13.754309,0.755719
NGC_2682,604921679508386000,1,132.749148,11.85,1.155,14.645685,0.891902
NGC_2682,604921580724746000,1,132.846387,11.9,1.162,14.013014,0.7980435
NGC_2682,604921512005269000,1,132.8566443,11.89,1.145,15.330952,1.042837
NGC_2682,604921512005266000,1,132.8642051,11.89,1.134,12.605678,0.747952
NGC_2682,604922783315580000,1,132.8829055,11.89,1.165,15.21319,1.030603
NGC_2682,604922779020037000,1,132.8830724,11.89,1.16,12.938089,0.73738
NGC_2682,604922779020037000,1,132.8799358,11.89,1.15,13.567353,0.762956
NGC_2682,604922164840317000,1,132.8028385,11.88,1.177,10.222875,1.239019
NGC_2682,604920515573078000,1,132.8000549,11.81,1.178,14.689736,0.8942915
NGC_2682,604921408926071000,1,132.8142771,11.87,1.126,14.823226,0.9218045
NGC_2682,604920824810533000,1,132.784891,11.84,1.147,13.431571,0.747141
NGC_2682,604920756091232000,1,132.8209501,11.85,1.166,10.845772,1.2352
NGC_2682,604920756091231000,1,132.8273332,11.84,1.162,15.270044,1.251969
NGC_2682,604920687371752000,1,132.8338074,11.84,1.139,13.801401,0.761326
NGC_2682,604920683076006000,1,132.8291867,11.83,1.149,12.390369,0.769754
NGC_2682,604920653012021000,1,132.8202116,11.83,1.146,15.765214,1.414069
NGC_2682,604920653012019000,1,132.8300566,11.82,1.167,13.71689,0.754776
NGC_2682,604920648716271000,1,132.827205,11.82,1.147,12.492557,0.782155
NGC_2682,604920549932808000,1,132.8126575,11.82,1.136,13.987426,0.780711
NGC_2682,604920889234434000,1,132.7856508,11.85,1.16,13.643402,0.746371
NGC_2682,604921305846837000,1,132.8645079,11.88,1.162,14.019467,0.805537
NGC_2682,604921271487287000,1,132.8678743,11.87,1.141,12.661663,0.747283
NGC_2682,604921271487102000,1,132.8562941,11.88,1.146,13.119683,0.765211
NGC_2682,604921202767815000,1,132.8625005,11.86,1.161,10.931228,0.122561
NGC_2682,604921202767810000,1,132.8706059,11.87,1.153,14.762794,1.004039
NGC_2682,604921198472075000,1,132.8699631,11.87,1.153,12.497738,0.851831
NGC_2682,604921168408082000,1,132.8433075,11.86,1.155,13.148642,0.747004
NGC_2682,604921129752601000,1,132.8281688,11.86,1.159,12.798285,1.030114
NGC_2682,604921030968953000,1,132.805595,11.86,1.15,13.129307,1.235869
NGC_2682,604920957953909000,1,132.8066858,11.86,1.155,13.462174,0.725509
NGC_2682,604920923594173000,1,132.8101049,11.84,1.13,13.237622,0.749763
NGC_2682,604917560635577000,1,132.8114506,11.79,1.151,12.681729,0.735446
NGC_2682,604911582041107000,1,132.8011791,11.77,1.177,13.054901,0.774237
NGC_2682,604914601402326000,1,132.7848857,11.79,1.21,12.12951,1.1317325
NGC_2682,604911375882675000,1,132.822807,11.76,1.172,9.258214,1.518608
NGC_2682,604911375882674000,1,132.8200353,11.76,1.17,13.967261,0.88873
NGC_2682,604911268509027000,1,132.8101262,11.75,1.186,12.683977,0.706868
NGC_2682,604911199788236000,1,132.8177966,11.74,1.173,13.301689,0.766843
NGC_2682,604917010879735000,1,132.9002641,11.8,1.168,14.304262,0.836677
NGC_2682,604916903504794000,1,132.953887,11.8,1.175,14.330846,0.8393645
NGC_2682,604916839081025000,1,132.9623783,11.8,1.191,15.487612,1.451103
NGC_2682,604916804721292000,1,132.9475379,11.79,1.14,14.115577,0.970707
NGC_2682,604916770361558000,1,132.9363633,11.78,1.171,12.726845,1.07178
NGC_2682,604916632922617000,1,132.892119,11.78,1.143,14.028581,0.795962
NGC_2682,604916564203137000,1,132.9051595,11.78,1.143,13.848256,0.815225
NGC_2682,604917148318677000,1,132.9200213,11.82,1.139,13.6566,0.7513055
NGC_2682,604917526275831000,1,132.8298726,11.8,1.169,13.535529,0.763662
NGC_2682,604917487620477000,1,132.8238507,11.78,1.197,15.443939,1.294168
NGC_2682,604917487620349000,1,132.8222291,11.78,1.195,12.937614,0.728776
NGC_2682,604917354477131000,1,132.8680438,11.78,1.155,14.733531,1.099157
NGC_2682,604917320117398000,1,132.8504408,11.79,1.178,13.319411,0.858448
NGC_2682,604917285757663000,1,132.8418298,11.78,1.169,13.048145,0.747276
NGC_2682,604914910640119000,1,132.7597207,11.81,1.161,16.008108,1.261675
NGC_2682,604904533998991000,1,132.9322468,11.75,1.148,12.958711,0.716693
NGC_2682,604921168408082000,0.99835157,132.840596,11.86,1.136,13.88508,0.846586
NGC_2682,604917625061651000,0.99513291,132.850541,11.81,1.098,16.603622,1.427603
NGC_2682,604917285757666000,0.99504271,132.8356725,11.77,1.173,12.782083,0.605691
NGC_2682,604922164840316000,0.99414809,132.8013561,11.88,1.139,15.971505,1.508014
NGC_2682,604918071736057000,0.99165023,132.8766344,11.83,1.189,15.435865,1.2977385
NGC_2682,604920962249663000,0.99132495,132.8151087,11.85,1.132,12.771166,1.014191
NGC_2682,604922920754523000,0.99072192,132.9045893,11.92,1.147,13.064538,0.753801
NGC_2682,604917491916096000,0.99025534,132.8278137,11.78,1.209,12.357132,0.997836
NGC_2682,604920756091232000,0.98874706,132.8199009,11.84,1.134,13.021137,0.754209
NGC_2682,604921988746029000,0.9872345,132.7321292,11.88,1.168,14.834445,0.936441
NGC_2682,604914468259140000,0.98686475,132.7635188,11.76,1.212,12.504823,0.786922
NGC_2682,604911341522930000,0.98624778,132.834659,11.76,1.199,13.010176,0.742992
NGC_2682,604914944999667000,0.98389806,132.7459392,11.82,1.145,13.40965,0.743544
NGC_2682,604921374566323000,0.98209449,132.8339382,11.88,1.134,13.7203045,0.751695
NGC_2682,604910340794779000,0.98188991,132.8253723,11.72,1.165,13.132758,0.757637
NGC_2682,604916181950392000,0.98153084,132.8795896,11.73,1.134,17.032236,1.610636
NGC_2682,604918247830312000,0.98055911,132.8762939,11.86,1.188,14.705593,0.926829
NGC_2682,604916667282345000,0.98029759,132.9333145,11.77,1.193,12.58977,0.908261
NGC_2682,604910546953208000,0.97923026,132.8406511,11.73,1.146,14.00755,0.852964
NGC_2682,604904950611554000,0.97811254,132.9591272,11.77,1.178,10.512736,1.1006705
NGC_2682,604921748227889000,0.97642973,132.7814553,11.87,1.123,14.714022,0.907801
NGC_2682,604910478233821000,0.97469383,132.8415809,11.73,1.191,16.311075,1.344437
NGC_2682,604914880575997000,0.97339208,132.7550285,11.81,1.169,16.365776,1.376446
NGC_2682,604922267919526000,0.96756019,132.8011626,11.91,1.166,14.00437,0.803354
NGC_2682,604918076031624000,0.96167624,132.8802205,11.83,1.12,16.10769,1.535782
NGC_2682,604917320118984000,0.96006921,132.8511973,11.79,1.148,14.751254,0.913031
NGC_2682,604916529843405000,0.95972926,132.890301,11.77,1.127,17.483412,1.821903
NGC_2682,604923333071377000,0.95854985,132.9274386,11.93,1.154,15.663899,1.148155
NGC_2682,604919617924301000,0.95854985,132.9497072,11.87,1.16,17.94578,2.008471
NGC_2682,604904778812856000,0.95557399,132.99107,11.76,1.181,15.176177,1.177704
NGC_2682,604905431647872000,0.95557399,133.0539117,11.76,1.176,17.637362,2.095631
NGC_2682,604923882827217000,0.95083897,132.827962,11.93,1.142,13.979341,0.785943
NGC_2682,604917728138508000,0.9461568,132.8490104,11.83,1.107,11.241152,1.059449
NGC_2682,604921477645535000,0.9454144,132.8413758,11.89,1.124,15.07166,0.989339
NGC_2682,604921816947364000,0.94514214,132.7729016,11.88,1.163,15.414886,1.241991
NGC_2682,604916495483676000,0.94340551,132.8687896,11.76,1.112,15.490891,1.228425
NGC_2682,604916117526552000,0.94313006,132.8936995,11.73,1.154,14.419957,0.844843
NGC_2682,604904469575230000,0.94247827,132.9414876,11.74,1.145,13.2420635,0.731149
NGC_2682,604922302279259000,0.941638,132.8190012,11.9,1.157,13.402018,0.778233
NGC_2682,604916598562881000,0.93968578,132.8840955,11.78,1.141,15.925077,1.269288
NGC_2682,604920549932810000,0.93870727,132.8109461,11.81,1.117,16.896048,1.563639
NGC_2682,604922229264429000,0.93786646,132.7885094,11.89,1.153,16.583542,1.446036
NGC_2682,604920927889929000,0.93593633,132.8027738,11.84,1.203,13.486864,0.749413
NGC_2682,604906290641340000,0.93562283,133.0114538,11.77,1.175,13.031916,0.744456
NGC_2682,604920653012017000,0.93560741,132.8319846,11.83,1.123,15.434878,1.046214
NGC_2682,604916594267287000,0.93537323,132.8767086,11.78,1.109,17.182396,1.700138
NGC_2682,604904332136282000,0.93533502,132.9247192,11.73,1.154,12.564291,0.740595
NGC_2682,604922061761108000,0.9326681,132.7741982,11.89,1.162,14.857274,0.936153
NGC_2682,604916426764198000,0.93168753,132.8722612,11.76,1.197,12.669828,1.085078
NGC_2682,604919789722799000,0.9313625,132.9126599,11.88,1.13,15.21375,1.188615
NGC_2682,604915602131976000,0.93021625,132.7223006,11.82,1.172,14.967095,0.954651
NGC_2682,604915322956791000,0.92951668,132.6699175,11.8,1.17,12.700096,0.7073685
NGC_2682,604919725299047000,0.92912132,132.9193834,11.87,1.121,16.304115,1.606467
NGC_2682,604910310730773000,0.92899153,132.8754949,11.73,1.139,12.992477,0.755086
NGC_2682,604923947251367000,0.92800397,132.8612649,11.94,1.161,15.458443,1.352605
NGC_2682,604905053690766000,0.92753181,132.9703592,11.78,1.138,15.615606,1.331733
NGC_2682,604919789722800000,0.92535829,132.9169393,11.88,1.167,13.6506815,0.7605655
NGC_2682,604918213470565000,0.92469669,132.9076485,11.85,1.135,13.323231,0.74469
NGC_2682,604916426764196000,0.92373829,132.8822482,11.75,1.122,15.260983,1.032949
NGC_2682,604917045239469000,0.92122377,132.9126632,11.8,1.153,13.555792,0.823344
NGC_2682,604906737317927000,0.91894684,133.0297294,11.82,1.157,13.264436,0.740324
NGC_2682,604917217038188000,0.91821694,132.8398005,11.77,1.183,11.146684,1.215484
NGC_2682,604916422468465000,0.91638294,132.8801036,11.76,1.15,12.476053,0.751639
NGC_2682,604918763226359000,0.91411293,132.9957358,11.85,1.146,14.967571,0.97196
NGC_2682,604917831219175000,0.91402451,132.8773195,11.82,1.181,13.156977,0.78901
NGC_2682,604910379450263000,0.91049905,132.8409453,11.72,1.132,14.33254,0.832008
NGC_2682,604910688687929000,0.91049905,132.755418,11.7,1.137,13.357633,0.725156
NGC_2682,604916010151555000,0.91000708,132.7280289,11.85,1.149,13.392233,0.730171
NGC_2682,604914949295283000,0.90789552,132.7533062,11.81,1.13,14.453478,0.856266
NGC_2682,604898009944444000,0.90751828,132.8982921,11.66,1.144,16.652458,1.47707
NGC_2682,604917934296938000,0.90494302,132.9268334,11.83,1.172,12.405653,0.762616
NGC_2682,604906840397140000,0.90411112,133.0479789,11.81,1.175,17.756857,1.972655
NGC_2682,604906599878984000,0.90297906,132.9949273,11.8,1.181,15.329978,1.05095
NGC_2682,604904641373911000,0.90297906,132.9703186,11.74,1.197,15.4304495,1.048904
NGC_2682,604913952863075000,0.90016037,132.722631,11.74,1.156,13.447743,0.810899
NGC_2682,604915086734257000,0.89698592,132.6606651,11.78,1.16,15.228779,1.025258
NGC_2682,604920275054846000,0.89693612,132.9720483,11.91,1.138,14.4128,0.867242
NGC_2682,604903232624649000,0.89679816,132.9711692,11.68,1.159,13.2109785,0.759276
NGC_2682,604917281461922000,0.89474035,132.8355776,11.77,1.145,13.042321,0.7532665
NGC_2682,604912471098639000,0.89163074,132.6833599,11.71,1.134,15.465085,1.070329
NGC_2682,604915705209528000,0.89131929,132.736048,11.83,1.17,14.480405,0.866675
NGC_2682,604916559907415000,0.89104642,132.8999925,11.78,1.146,12.513201,0.88265
NGC_2682,604914536978620000,0.89071922,132.7467493,11.77,1.215,13.296779,0.792279
NGC_2682,604914223445164000,0.88989113,132.6982864,11.76,1.185,13.770675,0.7502855
NGC_2682,604911204083987000,0.88882416,132.8102145,11.74,1.177,15.467181,1.066737
NGC_2682,604906256281593000,0.88725305,133.0400139,11.78,1.175,13.884225,0.767593
NGC_2682,604911509025877000,0.88562001,132.7700629,11.77,1.13,13.367362,0.779425
NGC_2682,604905500367350000,0.88493615,133.0472344,11.76,1.201,12.695327,0.968417
NGC_2682,604969546919529000,0.88488546,132.7566329,11.94,1.152,14.743149,0.92878
NGC_2682,604917281461920000,0.8842317,132.8337998,11.78,1.17,12.624251,0.729064
NGC_2682,604913952863074000,0.88279369,132.7281452,11.74,1.151,16.823189,1.576215
NGC_2682,604915395971901000,0.88146691,132.6534153,11.8,1.143,14.457218,1.002803
NGC_2682,604969203322164000,0.88071885,132.7004148,11.91,1.128,13.95246,0.79318
NGC_2682,604915086734256000,0.88006467,132.6620251,11.78,1.163,15.181992,1.140488
NGC_2682,604911547681374000,0.87868937,132.7806082,11.77,1.121,15.154757,0.995465
NGC_2682,604909000764936000,0.87765973,132.7211026,11.67,1.141,13.522219,0.742528
NGC_2682,604914846216262000,0.8753298,132.7435015,11.8,1.209,15.468982,1.090477
NGC_2682,604918179110924000,0.87527592,132.8856905,11.84,1.177,12.182929,0.338476
NGC_2682,604922267919527000,0.87326691,132.8038002,11.9,1.109,15.309071,1.032603
NGC_2682,604920786155389000,0.87326691,132.7839531,11.83,1.095,15.321573,1.0133105
NGC_2682,604922027401374000,0.87248846,132.7616943,11.88,1.139,16.334093,1.359346
NGC_2682,604903198264918000,0.87209747,132.9573595,11.67,1.16,14.414763,1.0019435
NGC_2682,604914189085427000,0.87205362,132.6985434,11.75,1.191,12.577873,0.659756
NGC_2682,604919927161960000,0.8713442,132.9402714,11.9,1.165,16.37992,1.654783
NGC_2682,604920824810534000,0.8705652,132.7833006,11.83,1.218,15.237194,1.108387
NGC_2682,604904538294705000,0.87049484,132.9364128,11.75,1.185,13.221856,0.727225
NGC_2682,604920717435744000,0.86950642,132.8138845,11.84,1.118,12.653306,0.733262
NGC_2682,604917491915139000,0.86950642,132.8327257,11.78,1.118,16.010382,1.06544
NGC_2682,604904022898639000,0.86901603,132.9360037,11.7,1.155,13.069575,0.7319745
NGC_2682,604902923387008000,0.86869554,132.9744811,11.65,1.132,14.349534,0.831963
NGC_2682,604919209902956000,0.86837574,132.9941076,11.87,1.157,15.070633,0.994979
NGC_2682,604920202039656000,0.86837574,132.9979617,11.92,1.158,10.210122,1.234161
NGC_2682,604919583564564000,0.86832509,132.9619356,11.87,1.149,15.614151,1.132951
NGC_2682,604916181950394000,0.86453601,132.8848043,11.74,1.107,17.251703,1.722199
NGC_2682,604923367432824000,0.86197207,132.9328141,11.95,1.178,10.234691,1.247069
NGC_2682,604922817675316000,0.86131293,132.8868088,11.9,1.123,14.96619,0.965425
NGC_2682,604917594995373000,0.85996714,132.8211976,11.8,1.162,9.921911,1.40088
NGC_2682,604916254965495000,0.85978218,132.9147056,11.75,1.195,15.112006,0.995553
NGC_2682,604897631987335000,0.85965324,132.8602897,11.64,1.144,13.536232,0.739093
NGC_2682,604917659419034000,0.85954678,132.8580873,11.82,1.143,13.090845,0.745977
NGC_2682,604916736001826000,0.85865196,132.9185191,11.78,1.147,13.696044,0.7554875
NGC_2682,604905633510610000,0.85703256,133.068684,11.79,1.156,14.694768,0.904541
NGC_2682,604911410242411000,0.85646219,132.8222912,11.77,1.111,13.777426,0.76523
NGC_2682,604922474077955000,0.85641667,132.8004872,11.91,1.181,15.055208,0.965624
NGC_2682,604922229264424000,0.8553887,132.7883457,11.89,1.113,17.073603,1.668307
NGC_2682,604910340794780000,0.85448122,132.8215962,11.71,1.199,14.357657,0.886009
NGC_2682,604969168962428000,0.85186301,132.6930743,11.91,1.139,13.475734,0.812364
NGC_2682,604920786155224000,0.85183878,132.7717921,11.83,1.171,13.612037,0.754192
NGC_2682,604916598562886000,0.85015438,132.874874,11.77,1.099,17.125044,1.645091
NGC_2682,604917934296937000,0.84999131,132.9134131,11.83,1.195,12.105291,0.738227
NGC_2682,604921374566325000,0.84912366,132.8319915,11.87,1.142,13.745495,0.819188
NGC_2682,604910207651567000,0.84871235,132.8602031,11.71,1.092,16.25116,1.315282
NGC_2682,604915739569261000,0.84830827,132.7543611,11.84,1.195,12.544513,0.914318
NGC_2682,604921134048350000,0.84646061,132.8334417,11.85,1.112,14.146556,0.825965
NGC_2682,604902923387005000,0.84629061,132.9797563,11.66,1.152,14.207137,0.8176455
NGC_2682,604913815423941000,0.84582412,132.6412913,11.77,1.164,12.722943,0.70821
NGC_2682,604923023833744000,0.84530519,132.8872286,11.91,1.158,15.51013,1.104503
NGC_2682,604903576222016000,0.84499808,133.0136641,11.71,1.139,15.073325,0.986717
NGC_2682,604921065328867000,0.84495269,132.8537593,11.84,1.086,18.437265,2.263482
NGC_2682,604902923387006000,0.84449586,132.9838334,11.65,1.136,14.014649,0.7984825
NGC_2682,604896635554923000,0.84438942,132.8839408,11.6,1.157,13.151058,0.746114
NGC_2682,604922336638992000,0.8442601,132.8386859,11.9,1.112,15.92281,1.258228
NGC_2682,604920923594173000,0.8442601,132.8066503,11.84,1.085,12.152578,0.848708
NGC_2682,604917732434325000,0.84183451,132.8456268,11.82,1.186,13.152652,0.627044
NGC_2682,604906428080284000,0.84077372,133.035156,11.8,1.135,14.541533,0.882256
NGC_2682,604917594995372000,0.84012731,132.8210048,11.81,1.231,17.062658,1.729016
NGC_2682,604916598562884000,0.83966683,132.8839472,11.77,1.198,15.982876,1.407257
NGC_2682,604918900665306000,0.83911953,133.0304044,11.86,1.166,18.47079,2.143743
NGC_2682,604918213472162000,0.83834962,132.8929312,11.85,1.166,10.87859,0.340228
NGC_2682,604917148318675000,0.83834962,132.9310354,11.81,1.15,15.486406,1.0956535
NGC_2682,604915018014971000,0.83630077,132.671205,11.76,1.14,18.191492,2.269238
NGC_2682,604897833850019000,0.8361743,132.8494072,11.65,1.173,14.370622,0.845498
NGC_2682,604895089366706000,0.83310422,132.8497691,11.58,1.139,13.862155,0.886634
NGC_2682,604917972952399000,0.8317027,132.9058084,11.83,1.178,12.437181,0.761727
NGC_2682,604904263416797000,0.8311878,132.9522924,11.73,1.205,16.714752,1.51865
NGC_2682,604916697346489000,0.82973609,132.9368179,11.78,1.148,17.62397,1.806839
NGC_2682,604909241283212000,0.82915759,132.686835,11.67,1.137,16.064222,1.266779
NGC_2682,604909726615246000,0.82828282,132.8096959,11.69,1.139,14.329582,0.82022
NGC_2682,604922748956025000,0.82705795,132.8990278,11.89,1.137,12.008891,1.151735
NGC_2682,604906565519358000,0.82686653,132.985721,11.79,1.147,14.223176,0.814159
NGC_2682,604898314886416000,0.82579469,132.8570522,11.68,1.155,19.17784,2.536009
NGC_2682,604917972952400000,0.8256374,132.9030148,11.83,1.105,15.30027,1.037301
NGC_2682,604914949295285000,0.82487539,132.7437195,11.81,1.147,15.358693,1.056809
NGC_2682,604922886394970000,0.82278659,132.9281105,11.91,1.126,16.897709,1.572332
NGC_2682,604897288389929000,0.82167049,132.9371487,11.65,1.159,13.410427,0.7338
NGC_2682,604969306401374000,0.81900154,132.7111608,11.93,1.196,15.87026,1.203242
NGC_2682,604909657895768000,0.81854463,132.8293066,11.67,1.173,13.576005,0.739565
NGC_2682,604910551248952000,0.81842896,132.8428132,11.74,1.148,16.039473,1.258883
NGC_2682,604921512005266000,0.81755496,132.8590473,11.9,1.185,10.205753,1.2274215
NGC_2682,604971402345381000,0.81716675,132.7903436,11.99,1.141,13.618245,0.749199
NGC_2682,604911405946776000,0.81653241,132.8185821,11.77,1.1,18.856638,2.1263
NGC_2682,604920481213271000,0.81512853,132.9721174,11.94,1.175,14.3154955,0.979045
NGC_2682,604898456621038000,0.81331286,132.8856839,11.7,1.16,14.370695,0.977824
NGC_2682,604969718719902000,0.81161814,132.7377255,11.95,1.139,14.778589,0.917783
NGC_2682,604905599150997000,0.81049405,133.0599879,11.78,1.153,15.46716,1.262434
NGC_2682,604973017253074000,0.80917297,132.7877053,12.05,1.153,13.56774,0.741019
NGC_2682,604971161827217000,0.8090409,132.786842,11.96,1.148,14.0869055,0.7771045
NGC_2682,604912745976558000,0.80891384,132.6584872,11.74,1.185,16.021338,1.233378
NGC_2682,604914502618876000,0.80792409,132.7650165,11.78,1.146,19.300303,2.594651
NGC_2682,604917453260607000,0.8068826,132.8695197,11.8,1.127,13.629351,0.850503
NGC_2682,604915773929008000,0.80592503,132.721382,11.83,1.13,15.156463,0.994037
NGC_2682,604920549932809000,0.80456694,132.8116873,11.82,1.105,15.164518,1.007315
NGC_2682,604923126912959000,0.80443447,132.8835424,11.92,1.191,13.500302,0.8039
NGC_2682,604921855602676000,0.80412419,132.7800559,11.88,1.132,12.407134,0.894021
NGC_2682,604923607949287000,0.80290752,132.9065261,11.95,1.136,14.259432,0.83947
NGC_2682,604916048806915000,0.80192666,132.7066343,11.85,1.123,15.971808,1.492474
NGC_2682,604970131035099000,0.80141539,132.6899512,11.93,1.133,16.981943,1.628269
NGC_2682,604970096675364000,0.80042848,132.671747,11.94,1.169,15.46138,1.09257
NGC_2682,604969787437705000,0.80017037,132.7265958,11.94,1.124,12.633916,0.726185
NGC_2682,604921202767812000,0.79832989,132.8743623,11.86,1.117,13.17651,0.658375
NGC_2682,604964083721160000,0.79718495,132.6459317,11.9,1.138,16.56899,1.517259
NGC_2682,604914021582551000,0.79711795,132.7178854,11.75,1.205,14.465743,0.851836
NGC_2682,604917934296937000,0.79525993,132.9263714,11.84,1.196,11.352173,1.198741
NGC_2682,604916701642080000,0.79494693,132.943349,11.77,1.14,13.249134,0.735387
NGC_2682,604906148906681000,0.79305999,133.0925475,11.82,1.187,14.705977,0.956413
NGC_2682,604907115275047000,0.79303576,133.0308582,11.84,1.141,13.080602,0.765474
NGC_2682,604919244262692000,0.79295429,133.0021341,11.87,1.172,15.048021,0.972624
NGC_2682,604972467498966000,0.78953638,132.7403232,12.01,1.156,15.532838,1.092199
NGC_2682,604916976519989000,0.78789038,132.9228452,11.79,1.172,13.944253,0.80461
NGC_2682,604908863325983000,0.78776139,132.6770324,11.66,1.156,13.282914,0.742955
NGC_2682,604962743691561000,0.78733507,132.6293202,11.85,1.173,16.481094,1.393231
NGC_2682,604911135364520000,0.78600144,132.7584909,11.76,1.119,14.785978,0.920076
NGC_2682,604923607949288000,0.7855335,132.9015546,11.95,1.151,13.826932,0.770517
NGC_2682,604970990028536000,0.78481423,132.7250543,12.01,1.13,15.073603,0.996581
NGC_2682,604920584292553000,0.78359109,132.7984593,11.81,1.158,13.630787,0.762334
NGC_2682,604921202767814000,0.78320993,132.8660752,11.86,1.159,14.422542,0.984794
NGC_2682,604969134602864000,0.78234161,132.7400352,11.92,1.135,13.237873,0.738507
NGC_2682,604970921309069000,0.78179181,132.7017045,12,1.141,15.21902,1.0431955
NGC_2682,604962331374513000,0.78119149,132.6387559,11.82,1.159,14.28375,0.847695
NGC_2682,604920000176938000,0.78071195,132.9841648,11.89,1.118,14.852621,0.949583
NGC_2682,604921164112525000,0.77991772,132.8532892,11.86,1.178,18.32361,2.153209
NGC_2682,604917388836867000,0.77969817,132.8706687,11.8,1.132,15.419273,1.222293
NGC_2682,604921030968953000,0.77810725,132.808177,11.86,1.133,17.45398,2.047613
NGC_2682,604921885666815000,0.77740244,132.734643,11.86,1.167,13.959219,0.78636
NGC_2682,604921713868337000,0.77686566,132.7646788,11.86,1.116,16.698328,1.513865
NGC_2682,604905534727083000,0.77657552,133.065867,11.78,1.197,14.7921715,0.91914
NGC_2682,604909726615246000,0.77603615,132.8159657,11.68,1.122,14.613161,0.882667
NGC_2682,604917972952402000,0.77577514,132.9015906,11.83,1.087,16.68003,1.768659
NGC_2682,604900449485822000,0.77319151,133.0474329,11.68,1.147,14.074452,0.793841
NGC_2682,604897558972113000,0.77226808,132.8691637,11.64,1.173,14.749684,0.980345
NGC_2682,604897838145767000,0.77226808,132.8465733,11.65,1.191,14.740636,0.926777
NGC_2682,604903026466308000,0.7718502,132.9792579,11.68,1.162,13.872696,0.8768215
NGC_2682,604919480485159000,0.77023364,132.9264657,11.86,1.215,10.972071,1.225104
NGC_2682,604914945000917000,0.76955934,132.746037,11.82,1.094,16.072231,1.131813
NGC_2682,604911685120319000,0.76929337,132.8091032,11.79,1.207,17.797817,1.934869
NGC_2682,604921821242946000,0.76879779,132.7624199,11.87,1.123,14.795678,0.930332
NGC_2682,604922985178465000,0.76831454,132.8724843,11.9,1.105,12.686858,0.764399
NGC_2682,604924290848519000,0.76787351,132.8290049,11.97,1.162,12.04278,1.138923
NGC_2682,604912406674856000,0.76777056,132.6919981,11.72,1.126,12.97168,0.743181
NGC_2682,604900277687128000,0.76033516,133.0647473,11.67,1.153,15.692035,1.273489
NGC_2682,604969753079639000,0.75962265,132.7496613,11.94,1.11,15.432634,1.070521
NGC_2682,605001054799578000,0.75827979,132.7272463,12.17,1.142,16.82277,1.546073
NGC_2682,604989372488540000,0.75827979,132.6959276,12.17,1.14,12.497732,0.848199
NGC_2682,604976315787962000,0.75827979,132.7382901,12.09,1.116,13.82129,0.765037
NGC_2682,604920549932807000,0.75786068,132.8186065,11.82,1.184,17.32688,1.752853
NGC_2682,604903713660959000,0.75759043,133.044714,11.73,1.182,10.640092,0.140171
NGC_2682,604971093107735000,0.75743492,132.8052075,11.96,1.148,16.481857,1.409674
NGC_2682,604910443873994000,0.75501723,132.8263507,11.72,1.133,13.27827,0.748207
NGC_2682,604969267746270000,0.7549908,132.6899411,11.93,1.158,15.563312,1.124447
NGC_2682,604897631987338000,0.75454738,132.8550103,11.64,1.148,15.014009,0.96695
NGC_2682,604922886394972000,0.75388726,132.9217374,11.91,1.205,12.646031,0.739639
NGC_2682,604962365734256000,0.75263883,132.6123999,11.81,1.138,13.184756,0.7799175
NGC_2682,604973085972551000,0.75168836,132.7695334,12.07,1.149,13.405049,0.743689
NGC_2682,604943880195096000,0.75140984,133.0016787,11.94,1.169,14.196356,0.83212
NGC_2682,604971058748016000,0.75074217,132.7156526,12.01,1.156,13.298922,0.741217
NGC_2682,604893405739515000,0.75051015,132.9096681,11.57,1.148,16.54981,1.455069
NGC_2682,604904263416796000,0.74873325,132.9540253,11.73,1.199,15.079404,0.986605
NGC_2682,604918591427681000,0.74795363,132.9526148,11.82,1.085,10.866512,0.27564
NGC_2682,604964354309370000,0.74770717,132.6205365,11.92,1.143,17.799356,1.934354
NGC_2682,604906153202365000,0.74768701,133.0945431,11.81,1.142,14.483813,0.866255
NGC_2682,604907252713995000,0.74556405,133.0595343,11.85,1.152,14.032978,0.921179
NGC_2682,604894913272262000,0.74536248,132.8662182,11.58,1.129,14.774575,0.916579
NGC_2682,604911547681373000,0.7452255,132.7859442,11.77,1.119,13.283351,0.732994
NGC_2682,604970783870103000,0.74457256,132.7436753,11.99,1.143,14.074816,0.824621
NGC_2682,604919450421136000,0.74411153,132.9513065,11.85,1.204,12.359346,0.830658
NGC_2682,604915189813464000,0.74400702,132.6985515,11.8,1.117,13.46944,0.727513
NGC_2682,604930509961364000,0.74376535,133.1164684,11.87,1.153,17.278978,1.710426
NGC_2682,604918243534758000,0.74345118,132.8707291,11.85,1.055,17.047455,1.655493
NGC_2682,604897219670463000,0.74293568,132.900602,11.65,1.171,13.775511,0.774352
NGC_2682,604894638394356000,0.7401111,132.8084708,11.56,1.164,13.169649,0.725646
NGC_2682,604917354477128000,0.73992141,132.8745559,11.79,1.167,9.234212,1.487131
NGC_2682,604969031523466000,0.73933709,132.733312,11.9,1.185,13.502274,0.741765
NGC_2682,604969615639180000,0.7392746,132.7880497,11.95,1.118,14.3914585,0.84457
NGC_2682,604918041671892000,0.7387649,132.860461,11.82,1.148,13.336247,0.754703
NGC_2682,604899826720145000,0.73863583,133.0392371,11.65,1.121,14.867337,0.944172
NGC_2682,604970508992220000,0.73722338,132.6662124,11.98,1.147,15.466809,1.079363
NGC_2682,604907110979353000,0.73641661,133.032698,11.83,1.166,13.701042,0.755659
NGC_2682,604977106061962000,0.73431451,132.6603892,12.13,1.139,13.014684,0.741929
NGC_2682,604963637044571000,0.73424265,132.6013955,11.88,1.126,15.127704,0.973228
NGC_2682,604961163143415000,0.73424265,132.5838118,11.82,1.16,13.447599,0.730466
NGC_2682,604977552738540000,0.73420147,132.7188345,12.15,1.125,15.258637,1.003876
NGC_2682,604924531366686000,0.73285162,132.9282607,11.99,1.171,13.897799,0.789175
NGC_2682,604948583183813000,0.73285162,132.9933693,12.04,1.161,18.03675,2.06645
NGC_2682,604914605698087000,0.73222398,132.7767793,11.79,1.221,16.073326,1.273499
NGC_2682,604964083721159000,0.7321716,132.6541042,11.9,1.149,14.227486,1.010293
NGC_2682,604904057258373000,0.73173784,132.9462039,11.71,1.126,15.0919895,0.975783
NGC_2682,604921958681906000,0.73142105,132.7320007,11.87,1.154,11.829176,0.763709
NGC_2682,605001329677769000,0.73117295,132.8021731,12.19,1.132,14.222943,0.8348275
NGC_2682,604989441208018000,0.73117295,132.6898618,12.18,1.133,14.462305,1.000198
NGC_2682,604988784077232000,0.73111963,132.6244306,12.14,1.149,12.430536,0.780821
NGC_2682,604969237681905000,0.73096297,132.690945,11.91,1.119,16.292366,1.525479
NGC_2682,604904297776552000,0.73051323,132.9113613,11.71,1.1,13.978698,0.777169
NGC_2682,604911307163200000,0.72860007,132.8237943,11.74,1.093,14.99642,1.168843
NGC_2682,604921855602676000,0.7284725,132.7812708,11.88,1.117,13.732728,0.768286
NGC_2682,604963602684834000,0.72847033,132.5974177,11.87,1.162,14.47016,1.007678
NGC_2682,604919239966986000,0.72844846,132.9984391,11.88,1.195,12.670234,0.753535
NGC_2682,604920927889742000,0.72740226,132.8007665,11.84,1.079,14.672547,0.966046
NGC_2682,604913536250548000,0.72693566,132.6590875,11.76,1.12,16.767925,1.54091
NGC_2682,604942505805554000,0.72685475,133.0643475,11.88,1.182,14.340963,0.839372
NGC_2682,604910860486614000,0.72405406,132.7739358,11.73,1.134,13.871636,0.868475
NGC_2682,604904572654435000,0.72389286,132.9748912,11.72,1.149,15.931609,1.234532
NGC_2682,604922096120853000,0.72341236,132.7531291,11.89,1.086,14.606981,0.8953
NGC_2682,604976625025623000,0.72339819,132.692501,12.08,1.126,15.716153,1.152102
NGC_2682,604974322923167000,0.72339819,132.6681777,12.04,1.151,13.70182,0.742997
NGC_2682,604970990028536000,0.72061573,132.7266477,12.01,1.175,15.881221,1.331219
NGC_2682,604897906866824000,0.72049572,132.8365807,11.66,1.107,13.542055,0.750188
NGC_2682,604917663714774000,0.72022168,132.8576224,11.81,1.102,15.847855,1.253263
NGC_2682,604909142499705000,0.71993308,132.7527897,11.68,1.117,15.142609,1.000298
NGC_2682,605000844345897000,0.71843866,132.7530834,12.16,1.099,16.365112,1.380758
NGC_2682,604918140455366000,0.71799268,132.8744591,11.84,1.065,14.182933,0.944943
NGC_2682,604905156769963000,0.71556875,133.077343,11.74,1.176,10.147911,1.228103
NGC_2682,604906221921860000,0.71466157,133.0212298,11.77,1.153,14.5953865,0.932053
NGC_2682,604911096708974000,0.7136623,132.7485084,11.74,1.133,14.423698,0.9910315
NGC_2682,604963052929006000,0.71032548,132.6772351,11.87,1.124,16.429888,1.370304
NGC_2682,604944086353519000,0.71030359,133.0137192,11.97,1.146,13.851966,0.782528
NGC_2682,604902167472727000,0.70960286,133.0778133,11.72,1.192,12.536666,0.739871
NGC_2682,604990368920963000,0.70958808,132.6441996,12.2,1.148,15.01497,0.97101
NGC_2682,604947865924536000,0.70935208,133.0252257,12.03,1.139,15.678186,1.148564
NGC_2682,604906702958193000,0.70763854,133.0089328,11.82,1.181,13.218655,0.746216
NGC_2682,604910650032497000,0.70763119,132.7686814,11.7,1.224,18.37458,2.531172
NGC_2682,604963362166650000,0.70757307,132.6694455,11.9,1.182,16.775558,1.573828
NGC_2682,598903953585549000,0.70742475,132.620852,11.64,1.142,13.646082,0.74067
NGC_2682,604920824810717000,0.70623336,132.7989806,11.83,1.059,15.109005,1.18663
NGC_2682,604916529843406000,0.70605257,132.892643,11.76,1.065,14.711714,1.05771
NGC_2682,605000024007420000,0.70583926,132.7682358,12.14,1.162,13.141925,0.765949
NGC_2682,604905534727086000,0.70579733,133.0559042,11.77,1.166,13.319092,0.648366
NGC_2682,604922920754524000,0.70561186,132.9042354,11.91,1.162,15.285419,1.046572
NGC_2682,604898211807206000,0.70489222,132.9100062,11.69,1.223,16.116764,1.378141
NGC_2682,604920756091231000,0.70319215,132.8260419,11.84,1.067,14.131107,0.8493165
NGC_2682,604910237715564000,0.70312254,132.8704002,11.72,1.075,15.241742,1.046906
NGC_2682,604898113023654000,0.70306139,132.9105738,11.67,1.114,17.071058,1.973342
NGC_2682,604923470510327000,0.70084692,132.9383638,11.95,1.194,13.429287,0.734348
NGC_2682,604971471064858000,0.70070964,132.7825782,11.99,1.115,15.526613,1.10299
NGC_2682,604969168962429000,0.70052085,132.6952391,11.9,1.088,15.128859,0.989759
NGC_2682,604977071702227000,0.70000735,132.6613273,12.12,1.159,17.647688,1.865122
NGC_2682,604892989126940000,0.69976957,133.0175687,11.6,1.156,15.832096,1.402007
NGC_2682,604909692255501000,0.69878447,132.8440542,11.68,1.226,16.955397,1.59072
NGC_2682,604904396560128000,0.69579974,132.9136617,11.73,1.205,16.13321,1.278012
NGC_2682,604910546953301000,0.69513563,132.8391115,11.73,1.233,16.618692,1.461619
NGC_2682,604903331408222000,0.69424222,132.9889956,11.69,1.125,18.459494,2.173304
NGC_2682,604969748782358000,0.6939905,132.7467723,11.94,1.196,13.085291,0.759443
NGC_2682,604915636490059000,0.6939706,132.7080628,11.82,1.213,12.689348,1.033496
NGC_2682,604963087288740000,0.6932459,132.695202,11.88,1.159,14.589741,0.974037
NGC_2682,604912368019295000,0.69288918,132.6686445,11.7,1.144,13.908649,0.76998
NGC_2682,604897047871749000,0.69267772,132.9726668,11.64,1.164,12.53787,0.749406
NGC_2682,604972089540121000,0.69265107,132.8553854,12.05,1.155,13.385247,1.279239
NGC_2682,604960235430489000,0.69239482,132.5609933,11.74,1.162,14.932814,0.957763
NGC_2682,604918179110923000,0.69222397,132.892687,11.85,1.107,13.5574465,0.7238355
NGC_2682,605000058367154000,0.6918171,132.7860556,12.15,1.121,17.05594,1.641287
NGC_2682,604896051439391000,0.69148845,132.7771908,11.6,1.149,14.38763,0.836771
NGC_2682,604908146067300000,0.69026731,132.7354783,11.64,1.186,13.981238,0.781577
NGC_2682,604918179110835000,0.68983139,132.8861179,11.84,1.067,15.50867,1.079985
NGC_2682,604974151124483000,0.68794646,132.6548734,12.02,1.158,15.813196,1.181487
NGC_2682,604947144370042000,0.68719128,132.9955066,12,1.17,15.38498,1.060473
NGC_2682,604999852208717000,0.68640163,132.834875,12.13,1.115,15.7027025,1.145461
NGC_2682,604918793290570000,0.68520162,132.971909,11.85,1.094,17.3723,1.918138
NGC_2682,604914159021501000,0.685042,132.7325343,11.76,1.2,17.884417,2.03662
NGC_2682,604908004332577000,0.6850111,132.7833797,11.64,1.218,14.309361,0.827994
NGC_2682,604962640612163000,0.68483417,132.5898482,11.84,1.141,14.345399,0.826995
NGC_2682,604919965817201000,0.68419364,132.9789357,11.88,1.107,15.524313,1.095713
NGC_2682,604996897271215000,0.68181929,132.8462329,12.13,1.137,14.842712,0.927038
NGC_2682,604895055006973000,0.68017098,132.8197044,11.58,1.149,16.043224,1.249424
NGC_2682,604904881892076000,0.67966844,132.968238,11.76,1.216,17.943571,1.948832
NGC_2682,604914949295476000,0.67938799,132.7458843,11.81,1.131,15.859119,1.23319
NGC_2682,604918282190042000,0.67896358,132.8965198,11.86,1.22,15.08917,0.99178
NGC_2682,598903678707639000,0.67842072,132.650412,11.62,1.129,15.931817,1.212357
NGC_2682,604917625065211000,0.67820188,132.8470297,11.8,1.252,16.08055,1.262461
NGC_2682,604916976519992000,0.67800322,132.9136407,11.8,1.116,16.762136,1.522251
NGC_2682,604895158086186000,0.67748457,132.8285289,11.59,1.129,15.8911495,1.20048
NGC_2682,604923848467468000,0.676935,132.8661519,11.93,1.15,13.1609125,0.786412
NGC_2682,604910310730777000,0.67590647,132.8600837,11.73,1.096,11.2497425,0.146823
NGC_2682,604896876073078000,0.67586342,132.9274627,11.61,1.11,16.339571,1.336703
NGC_2682,604977071702225000,0.67411762,132.660037,12.12,1.123,13.524892,0.734206
NGC_2682,604894264732996000,0.67238519,132.8241865,11.52,1.167,19.26282,2.423546
NGC_2682,598890106610992000,0.67238519,132.6657074,11.51,1.146,16.619219,1.605824
NGC_2682,598889213257786000,0.67238519,132.7420983,11.47,1.174,17.05509,1.629514
NGC_2682,604900651348634000,0.67070643,133.0599525,11.7,1.129,17.600506,1.781586
NGC_2682,604964079425765000,0.6700517,132.642859,11.9,1.106,17.611193,1.872666
NGC_2682,604971088812177000,0.66984264,132.8040507,11.95,1.176,14.285123,0.841541
NGC_2682,604920549932809000,0.66984246,132.8125078,11.81,1.246,17.08221,1.738178
NGC_2682,604971367985645000,0.66946516,132.7830938,11.98,1.136,14.5729265,0.880916
NGC_2682,604922233561476000,0.66931745,132.7945746,11.89,1.092,16.205864,1.322111
NGC_2682,604916598562882000,0.66875623,132.884868,11.78,1.084,14.407771,0.894407
NGC_2682,598890381488889000,0.66853707,132.7300187,11.52,1.178,13.999897,0.784973
NGC_2682,604907454576711000,0.66843654,132.7319135,11.59,1.181,13.221919,0.737328
NGC_2682,604975796096306000,0.66814814,132.7025477,12.06,1.13,13.497531,0.727112
NGC_2682,604930067580246000,0.66626553,133.2051351,11.87,1.152,13.348781,0.736677
NGC_2682,604903468852380000,0.66572466,133.0147766,11.69,1.135,12.572901,0.738394
NGC_2682,604916529843407000,0.6643973,132.8889354,11.77,1.192,14.979486,0.990252
NGC_2682,598890347129151000,0.66420744,132.7210229,11.52,1.169,13.230782,0.752396
NGC_2682,604911650760587000,0.66403138,132.7912662,11.77,1.163,14.37958,0.864151
NGC_2682,604915391677374000,0.66172227,132.6532971,11.8,1.114,18.372913,1.995464
NGC_2682,604907390153062000,0.66162417,132.7067784,11.59,1.197,10.960272,1.225247
NGC_2682,604902133112986000,0.66139635,133.0951808,11.72,1.216,19.31068,2.3568
NGC_2682,604950477264650000,0.66037235,132.9996787,12.08,1.197,12.646977,0.756738
NGC_2682,598890106610993000,0.66017899,132.6626496,11.5,1.172,16.00579,1.220062
NGC_2682,604907355793322000,0.65952254,132.7281074,11.59,1.192,16.543694,1.447083
NGC_2682,604974082404994000,0.65907737,132.6924376,12.03,1.135,13.277014,0.7366
NGC_2682,604896395036759000,0.6562293,132.8746614,11.59,1.177,12.576983,0.74893
NGC_2682,604960441588923000,0.65590575,132.5096807,11.75,1.161,15.9672575,1.23573
NGC_2682,604894745769327000,0.65555118,132.8394934,11.55,1.14,15.33606,1.247444
NGC_2682,604905947043939000,0.6552884,133.090944,11.78,1.101,13.604394,0.74624
NGC_2682,604931064012661000,0.65433452,133.1602935,11.9,1.121,13.508189,0.7412545
NGC_2682,598902437462030000,0.65404372,132.6747347,11.56,1.135,17.401415,1.835019
NGC_2682,604912196220603000,0.65384522,132.6180038,11.7,1.194,12.782185,0.69627
NGC_2682,604921924322165000,0.6526591,132.7422739,11.87,1.205,12.614841,1.115695
NGC_2682,604972360122759000,0.65148697,132.7927501,12.03,1.128,15.816169,1.164994
NGC_2682,604907076619777000,0.65093307,133.0538804,11.83,1.194,16.575846,1.461315
NGC_2682,604917006584146000,0.65073581,132.8968415,11.79,1.041,18.557055,2.274044
NGC_2682,604902682868788000,0.65049567,133.1377888,11.76,1.136,13.550175,0.740142
NGC_2682,604903782380444000,0.65016771,133.0120983,11.73,1.224,17.90592,1.940385
NGC_2682,604907012195820000,0.64932415,133.089118,11.84,1.201,12.614237,0.741756
NGC_2682,604909894118250000,0.64802703,132.7769093,11.69,1.194,17.669428,2.105684
NGC_2682,604896631259208000,0.64781026,132.8705887,11.6,1.226,18.694176,2.277617
NGC_2682,604975315059831000,0.64615459,132.605355,12.08,1.134,16.909548,1.657445
NGC_2682,598955385818884000,0.64591931,132.4679107,11.71,1.165,18.786226,2.205889
NGC_2682,598903055937325000,0.6451812,132.6144532,11.57,1.136,18.204798,2.096096
NGC_2682,604976418867175000,0.64486179,132.7413467,12.11,1.142,17.209242,1.695077
NGC_2682,604930544320912000,0.6444058,133.1308422,11.86,1.171,13.566598,0.7476075
NGC_2682,604912402379033000,0.64238576,132.6963148,11.72,1.186,14.006294,0.788021
NGC_2682,604909928477988000,0.64236078,132.7948856,11.69,1.083,18.744429,2.210713
NGC_2682,604970715150627000,0.64116912,132.7466864,11.98,1.217,19.32508,2.2699
NGC_2682,604914777496783000,0.64047109,132.7564476,11.8,1.119,13.358971,0.773382
NGC_2682,604906771677661000,0.63977165,133.0701137,11.81,1.102,14.231096,1.1509205
NGC_2682,604920442558053000,0.63889471,132.9662131,11.94,1.119,15.650209,1.35708
NGC_2682,604900690003981000,0.63864981,133.0693312,11.71,1.223,13.350618,0.727926
NGC_2682,604904194697320000,0.63812581,132.9575208,11.72,1.21,17.797903,1.91041
NGC_2682,598902716634970000,0.63806702,132.6449473,11.57,1.183,16.02001,1.225035
NGC_2682,604977587098273000,0.63779238,132.7334683,12.16,1.172,13.204584,0.711201
NGC_2682,604930681760055000,0.63765688,133.0797778,11.86,1.116,17.732718,1.905373
NGC_2682,604947724190084000,0.63634373,132.9919027,12.02,1.124,13.63848,0.763336
NGC_2682,604910100276687000,0.63594842,132.8617674,11.71,1.245,17.541813,1.848227
NGC_2682,604898972017071000,0.63540573,133.0788958,11.63,1.122,15.905231,1.19142
NGC_2682,604995415507212000,0.63494976,132.902695,12.05,1.188,17.691051,1.85084
NGC_2682,604902923387006000,0.63483323,132.9834386,11.65,1.112,14.445664,0.871241
NGC_2682,604899315614439000,0.63411596,133.138492,11.66,1.156,15.831039,1.16733
NGC_2682,604969615638993000,0.63341316,132.7842036,11.95,1.223,19.28596,2.275782
NGC_2682,604905015035446000,0.63326204,132.9818854,11.78,1.209,18.066193,1.955349
NGC_2682,605000745561898000,0.6326198,132.8511629,12.21,1.161,15.915327,1.195208
NGC_2682,604904229057064000,0.63224493,132.9442881,11.71,1.077,16.349297,1.508205
NGC_2682,604950545984126000,0.63150491,132.9869724,12.11,1.183,17.850863,1.883317
NGC_2682,604988376056169000,0.63093291,132.5644809,12.15,1.147,16.781284,1.50575
NGC_2682,604912058781650000,0.63057936,132.5900125,11.68,1.172,13.54289,0.737661
NGC_2682,604908347929907000,0.63051507,132.7488095,11.66,1.187,12.934086,0.720091
NGC_2682,604949034155647000,0.62942266,132.9655498,12.08,1.155,13.310611,0.749476
NGC_2682,604948965436170000,0.62942266,132.9699829,12.07,1.174,12.538585,0.764015
NGC_2682,604917663714775000,0.62907217,132.8583315,11.81,1.078,17.290304,1.762056
NGC_2682,604972394482498000,0.62871912,132.7765243,12.03,1.147,18.89432,2.358183
NGC_2682,604994045412976000,0.62854687,132.577804,12.27,1.146,13.986189,0.775403
NGC_2682,604924840604588000,0.62747702,132.8769119,12,1.103,19.54458,2.513854
NGC_2682,604996347515378000,0.627133,132.937151,12.14,1.146,13.560265,0.746103
NGC_2682,604922130480589000,0.62660669,132.7516902,11.9,1.218,16.734282,1.494937
NGC_2682,598902888433674000,0.62622292,132.5793155,11.54,1.132,16.207754,1.306529
NGC_2682,604962984209526000,0.62589128,132.6932626,11.87,1.131,14.771352,1.026218
NGC_2682,604910581313044000,0.62499392,132.8477309,11.75,1.179,17.512157,2.020765
NGC_2682,598901995080470000,0.62478157,132.6341481,11.53,1.152,15.192,1.1969835
NGC_2682,604923023833745000,0.62460465,132.8821387,11.92,1.22,16.82904,1.560358
NGC_2682,604974357282902000,0.62421163,132.6775303,12.05,1.147,13.223673,0.718337
NGC_2682,598906771084100000,0.62394909,132.5957893,11.62,1.168,14.855805,0.9310605
NGC_2682,604966866859978000,0.62392051,132.5765685,11.91,1.174,14.620219,0.885584
NGC_2682,604996106997220000,0.62384502,132.9155928,12.1,1.117,15.490493,1.129085
NGC_2682,604931132732291000,0.62297715,133.1895473,11.91,1.133,14.454188,0.851279
NGC_2682,598889900452561000,0.62293536,132.6817747,11.49,1.133,15.368779,1.0535455
NGC_2682,604923848467471000,0.62252336,132.8561202,11.93,1.054,17.374266,1.741577
NGC_2682,604920030241181000,0.62252336,132.9613916,11.89,1.045,16.316282,1.391943
NGC_2682,604911375882675000,0.6220365,132.8195245,11.76,1.055,12.210929,0.921819
NGC_2682,604924776180389000,0.62193455,132.8884852,11.99,1.091,13.652542,0.812145
NGC_2682,604906118842622000,0.62182238,133.1174517,11.81,1.113,16.683075,1.506869
NGC_2682,604947518031911000,0.62168885,133.0082629,12,1.098,16.163172,1.285607
NGC_2682,604896837417608000,0.6216867,132.8934811,11.63,1.199,13.040115,0.74423
NGC_2682,604896326317278000,0.62162814,132.8977629,11.58,1.161,14.496078,0.865591
NGC_2682,604919033808557000,0.62144374,133.0521578,11.88,1.091,13.925874,0.887835
NGC_2682,604969443840314000,0.62025884,132.7602206,11.92,1.073,15.516991,1.110023
NGC_2682,604896807353611000,0.61823046,132.8853072,11.62,1.17,17.425936,1.804317
NGC_2682,604898490980772000,0.61696566,132.8961552,11.71,1.249,16.612162,1.530359
NGC_2682,604995419802460000,0.6169366,132.9055679,12.06,1.16,13.560873,0.744475
NGC_2682,604968752349767000,0.61668549,132.5413914,12,1.17,13.780851,0.768162
NGC_2682,604911749544006000,0.61664987,132.6432341,11.67,1.221,12.478206,0.767945
NGC_2682,604893165221336000,0.61644137,132.9579529,11.56,1.143,12.569078,0.736337
NGC_2682,604917457556344000,0.61542562,132.8635223,11.8,1.257,17.012089,1.880854
NGC_2682,604918591427679000,0.61488339,132.9580694,11.83,1.209,12.4752865,0.7719685
NGC_2682,598886052161851000,0.61330242,132.8130602,11.45,1.165,13.0150175,0.749166
NGC_2682,604972467497283000,0.61299619,132.7316648,12.01,1.093,15.253333,1.026391
NGC_2682,604904847532342000,0.61140212,132.9587823,11.75,1.07,13.630524,0.773708
NGC_2682,604911135364520000,0.61083859,132.7645935,11.75,1.069,11.260444,0.394065
NGC_2682,598907660142283000,0.610115,132.4775388,11.65,1.171,18.354195,2.322479
NGC_2682,604926386792726000,0.60973885,133.1745626,11.8,1.14,18.76508,2.368788
NGC_2682,604901823875341000,0.60949569,133.1098363,11.69,1.214,12.249378,1.112697
NGC_2682,598907836235995000,0.60938593,132.5399361,11.64,1.148,14.332987,0.82174
NGC_2682,604897696411104000,0.60937492,132.824463,11.63,1.089,17.047773,1.609957
NGC_2682,604967760213166000,0.6090201,132.5881121,11.98,1.2,15.24659,1.106041
NGC_2682,604895364244626000,0.60878748,132.7886738,11.56,1.223,14.627281,0.878759
NGC_2682,604899414398029000,0.60832086,133.0724344,11.64,1.163,16.09723,1.461907
NGC_2682,604904847532343000,0.6081513,132.9591955,11.75,1.058,13.337077,0.788581
NGC_2682,604964118080894000,0.60807625,132.6583989,11.91,1.128,14.5575485,0.905503
NGC_2682,604933125596954000,0.60779477,133.1975914,11.97,1.131,14.777056,0.915578
NGC_2682,604971093107922000,0.60703468,132.8082087,11.96,1.07,15.018668,0.9616295
NGC_2682,604903812444577000,0.6070173,132.9915098,11.73,1.198,17.150433,1.953386
NGC_2682,604915877008228000,0.60575991,132.7000369,11.83,1.193,14.369842,0.858608
NGC_2682,604932404042610000,0.60538216,133.247746,11.95,1.119,15.536377,1.095662
NGC_2682,604922641581305000,0.60513751,132.784192,11.93,1.207,15.509171,1.087964
NGC_2682,604961777323248000,0.60499367,132.5539424,11.81,1.203,19.055435,2.359598
NGC_2682,604907592015746000,0.60482199,132.6879278,11.6,1.214,15.355323,1.265261
NGC_2682,604962193935569000,0.6033699,132.5512054,11.86,1.181,8.222472,1.8043595
NGC_2682,604911685120321000,0.60311482,132.8008659,11.79,1.036,14.911862,0.977779
NGC_2682,604918076031622000,0.60270845,132.883907,11.83,1.057,12.486162,0.759559
NGC_2682,604944082058064000,0.6019836,133.0154177,11.97,1.078,16.3103,1.325631
NGC_2682,604905019331023000,0.60197889,132.9863841,11.78,1.092,16.21151,1.463072
NGC_2682,604908416649385000,0.60187048,132.6748898,11.61,1.212,12.498256,0.865466
NGC_2682,604895810921216000,0.60179788,132.8217903,11.59,1.235,16.486538,1.422726
NGC_2682,604948862357149000,0.60173183,132.9715656,12.06,1.129,13.758011,0.770584
NGC_2682,605001707634589000,0.60048729,132.7796524,12.22,1.131,15.204648,1.002152
NGC_2682,604894707113833000,0.5988865,132.858025,11.55,1.106,12.560714,0.73725
NGC_2682,604927039627095000,0.59800352,133.2251942,11.85,1.121,18.048517,2.080624
NGC_2682,604913162588927000,0.5978804,132.5505879,11.71,1.126,14.953916,0.960207
NGC_2682,604907046555570000,0.5974801,133.0428112,11.82,1.093,18.788923,2.360288
NGC_2682,604910482529472000,0.59745975,132.8487979,11.74,1.096,19.27892,2.321481
NGC_2682,604899178175495000,0.59673097,133.1104242,11.63,1.14,15.48848,1.169703
NGC_2682,604929346025749000,0.59642399,133.1644379,11.82,1.101,17.126034,1.951587
NGC_2682,604918316549771000,0.59449194,132.9722492,11.81,1.18,12.582053,0.736017
NGC_2682,604909898413943000,0.59387677,132.7789744,11.7,1.065,15.323898,1.159705
NGC_2682,604947281809005000,0.59374461,132.9505268,11.99,1.107,14.922193,1.033564
NGC_2682,604969783142096000,0.59336204,132.7159019,11.95,1.211,12.606146,0.743005
NGC_2682,604947621110417000,0.59294586,133.054594,12.03,1.157,16.28684,1.595517
NGC_2682,604909760974981000,0.59290801,132.8266384,11.68,1.045,16.22102,1.585238
NGC_2682,604908519728693000,0.59209034,132.6717754,11.63,1.123,17.851824,2.197308
NGC_2682,604890038485175000,0.59158989,132.8753246,11.46,1.153,14.441525,0.849725
NGC_2682,604963980641948000,0.59152247,132.6301562,11.89,1.198,16.69441,1.479251
NGC_2682,604971093107739000,0.59145847,132.7970743,11.96,1.232,15.497033,1.0922325
NGC_2682,604948724917994000,0.59096401,133.0064639,12.07,1.159,14.051254,0.811753
NGC_2682,604948278241425000,0.59077371,132.9141659,12.02,1.121,14.43516,0.856455
NGC_2682,604902407990876000,0.59053448,133.1717485,11.74,1.112,16.386658,1.377607
NGC_2682,604929620903658000,0.58971833,133.1445452,11.83,1.134,19.189928,2.307874
NGC_2682,604901407262883000,0.58941686,133.2220864,11.71,1.148,17.167074,1.67617
NGC_2682,604921713868728000,0.58937415,132.7659521,11.86,1.192,17.987682,1.872534
NGC_2682,604988204257490000,0.58923838,132.5340629,12.12,1.153,16.569128,1.434385
NGC_2682,604943433520098000,0.58695979,133.0899699,11.96,1.132,15.273891,1.031457
NGC_2682,604906801741864000,0.58684135,133.0704415,11.82,1.201,16.662333,1.8249715
NGC_2682,604909310002694000,0.58671673,132.6913531,11.68,1.188,17.782135,2.011914
NGC_2682,604969924876649000,0.58666158,132.7430592,11.97,1.124,14.337803,0.83028
NGC_2682,605003013304624000,0.58582365,132.8625657,12.24,1.199,17.344692,1.734203
NGC_2682,604903370063591000,0.58536654,132.9958397,11.7,1.244,14.549583,0.881193
NGC_2682,604898246166934000,0.58508913,132.866365,11.67,1.184,17.356447,1.763175
NGC_2682,604896150222841000,0.58490782,132.7808709,11.61,1.244,13.283628,0.726784
NGC_2682,604916873440769000,0.58447864,132.9377716,11.8,1.251,11.2212715,1.199257
NGC_2682,598955115237068000,0.58395336,132.4866942,11.69,1.191,9.409208,1.458801
NGC_2682,604997240868590000,0.58341705,132.8719004,12.14,1.084,17.874096,1.931726
NGC_2682,604907523302217000,0.58150208,132.7276855,11.61,1.161,18.247952,1.978987
NGC_2682,604897288389931000,0.58137612,132.9324024,11.65,1.245,17.82385,2.104038
NGC_2682,604963877562742000,0.58091228,132.5678548,11.9,1.144,12.728699,0.704726
NGC_2682,604971020092675000,0.580632,132.7028557,12,1.126,12.631922,0.72445
NGC_2682,604948759277930000,0.57985651,132.988429,12.07,1.172,19.405739,2.349604
NGC_2682,604901239759778000,0.57774883,133.1606788,11.71,1.107,16.547073,1.44731
NGC_2682,604969336465748000,0.57772344,132.7318396,11.93,1.048,17.282303,1.742858
NGC_2682,604921821242942000,0.57760529,132.7704695,11.87,1.104,13.699832,0.755066
NGC_2682,604895673481331000,0.57741209,132.7704043,11.59,1.233,20.1039,1.805553
NGC_2682,604947006931096000,0.57733472,132.9743175,11.97,1.086,18.168734,2.093396
NGC_2682,604924393927735000,0.57722748,132.8974695,11.97,1.214,12.607555,0.911161
NGC_2682,604976453226907000,0.57702746,132.7611747,12.11,1.163,16.685137,1.4935655
NGC_2682,604969306401374000,0.57650554,132.7151622,11.92,1.253,16.931812,1.595147
NGC_2682,604969237681908000,0.57624029,132.6736246,11.91,1.07,16.775866,1.508827
NGC_2682,604948346960902000,0.57618316,132.9085594,12.02,1.185,12.835385,0.779083
NGC_2682,598901784626987000,0.57469512,132.6239359,11.5,1.188,17.803898,1.856202
NGC_2682,605000848641142000,0.5736242,132.7474494,12.17,1.098,15.659702,1.245822
NGC_2682,604999886568459000,0.57333958,132.8099307,12.14,1.223,17.24666,1.707386
NGC_2682,604997172149101000,0.57329626,132.9176614,12.15,1.196,16.77069,1.567795
NGC_2682,605017925431109000,0.57283543,132.6675941,12.32,1.152,17.575953,1.868596
NGC_2682,604914807560716000,0.57272512,132.7214708,11.79,1.184,13.150158,0.763911
NGC_2682,598888697861717000,0.57199058,132.7142023,11.45,1.145,16.62562,1.509329
NGC_2682,604950786502479000,0.57138292,133.0720144,12.12,1.135,15.056689,0.980801
NGC_2682,604963740123794000,0.57122302,132.5443902,11.88,1.222,16.23311,1.3354225
NGC_2682,604892787264194000,0.57092414,133.0176539,11.56,1.176,17.630356,1.838696
NGC_2682,598953088011334000,0.57092192,132.439185,11.65,1.144,15.534893,1.082116
NGC_2682,604933018221557000,0.57039724,133.1985207,11.96,1.103,14.631114,0.877649
NGC_2682,604913540546033000,0.56974835,132.6576577,11.76,1.231,16.308594,1.351532
NGC_2682,604922027401372000,0.5693752,132.765349,11.88,1.081,17.02906,1.618417
NGC_2682,604995660320635000,0.56918213,132.878095,12.07,1.109,14.535909,0.876478
NGC_2682,604893676321680000,0.56847317,132.9801531,11.59,1.127,13.891024,0.766684
NGC_2682,598956420905951000,0.56711178,132.4691624,11.76,1.169,15.636947,1.109474
NGC_2682,598955149595632000,0.56711178,132.5034644,11.7,1.176,14.022008,0.790376
NGC_2682,604987070386115000,0.56707817,132.5940694,12.09,1.186,13.75739,0.760676
NGC_2682,604922370997734000,0.566895,132.8087273,11.91,1.253,19.574957,2.607385
NGC_2682,604905912684189000,0.5665206,133.1345556,11.8,1.195,20.145775,2.279442
NGC_2682,604926494167460000,0.56603222,133.1936741,11.82,1.152,14.427105,0.995861
NGC_2682,604930754775030000,0.56592649,133.0821963,11.87,1.191,15.839399,1.207511
NGC_2682,604704560321786000,0.56479466,133.061364,11.52,1.144,12.675331,0.703314
NGC_2682,604902373632751000,0.56452023,133.1572421,11.73,1.171,15.715124,1.263993
NGC_2682,604898903297606000,0.56280628,133.0380344,11.62,1.099,16.693424,1.635649
NGC_2682,604969787437703000,0.56264176,132.7290607,11.95,1.22,15.444592,1.282762
NGC_2682,598902682275233000,0.56263086,132.6407523,11.57,1.161,13.559339,0.746511
NGC_2682,604999882273217000,0.5624964,132.8147018,12.13,1.157,19.529203,2.216921
NGC_2682,605000642482687000,0.56169386,132.8494659,12.18,1.082,17.302053,1.697557
NGC_2682,604944803611817000,0.56105339,133.1484595,11.98,1.129,13.277875,0.783124
NGC_2682,604997309588066000,0.5608046,132.8663705,12.15,1.079,16.165909,1.309
NGC_2682,604904641373913000,0.56042082,132.9626434,11.74,1.1,16.646383,1.668479
NGC_2682,604987547126699000,0.56012044,132.5824649,12.13,1.171,18.0642,2.058444
NGC_2682,604891992694503000,0.55993824,132.9692752,11.51,1.153,13.591028,0.736904
NGC_2682,604973635728427000,0.55959648,132.5889953,11.99,1.181,14.855843,0.927496
NGC_2682,604950236746475000,0.55943149,133.0289697,12.08,1.207,19.126484,2.234081
NGC_2682,598900551971468000,0.55940415,132.585655,11.5,1.103,15.383015,1.054144
NGC_2682,604917629355039000,0.55924368,132.8469378,11.81,1.107,14.055045,1.069744
NGC_2682,604918041671890000,0.55667708,132.8672312,11.82,1.168,12.6679325,0.658891
NGC_2682,604920339478834000,0.55656812,132.957409,11.93,1.056,18.033436,2.029324
NGC_2682,604912647193030000,0.55654955,132.6505106,11.72,1.199,12.491335,1.0882925
NGC_2682,605000401964513000,0.55643165,132.8788428,12.18,1.186,16.402733,1.394923
NGC_2682,604907660735225000,0.556255,132.6833815,11.61,1.237,18.290638,2.031651
NGC_2682,604917659419191000,0.55455404,132.8561398,11.82,0.9809,16.957205,1.86052
NGC_2682,604895948360166000,0.55400576,132.8346815,11.6,1.27,16.246227,1.572025
NGC_2682,604901548997418000,0.5538926,133.1797464,11.71,1.103,19.11909,2.428798
NGC_2682,604908107412145000,0.55335711,132.7750491,11.65,1.212,19.907995,2.343347
NGC_2682,604930445537382000,0.55274595,133.1175703,11.85,1.082,14.831528,0.939668
NGC_2682,604987139105593000,0.55219193,132.5792305,12.1,1.188,16.028463,1.264978
NGC_2682,604993667455857000,0.55212245,132.5949661,12.23,1.114,14.041427,0.793655
NGC_2682,598901754562312000,0.55206684,132.5375308,11.56,1.133,14.048451,0.763276
NGC_2682,604995522881670000,0.55131415,132.917777,12.07,1.089,15.215876,1.0156605
NGC_2682,604972944238044000,0.55127653,132.8104087,12.07,1.216,14.8516245,0.9360595
NGC_2682,604975693017390000,0.55033263,132.7192416,12.06,1.21,15.153168,0.993919
NGC_2682,608021516319900000,0.55014637,132.5162521,12.38,1.144,14.927443,0.919373
NGC_2682,605000573763220000,0.5491504,132.8171028,12.18,1.21,16.668568,1.475406
NGC_2682,604966454543135000,0.54902739,132.4390022,11.92,1.192,16.32853,1.341727
NGC_2682,604921305846835000,0.54900892,132.8668594,11.89,0.9654,16.299547,1.338784
NGC_2682,604962292719321000,0.54812901,132.6210018,11.81,1.121,18.527672,2.180586
NGC_2682,604938447060218000,0.54728349,133.2989391,11.99,1.141,12.620319,0.723979
NGC_2682,604909589177871000,0.54719404,132.7948696,11.66,1.191,14.476866,0.873934
NGC_2682,604900724363838000,0.54671041,133.1568289,11.66,1.199,19.341627,2.323141
NGC_2682,604907046555569000,0.5462661,133.0511897,11.82,1.237,16.84414,1.551758
NGC_2682,604997034710157000,0.54607803,132.887015,12.14,1.219,15.597069,1.117343
NGC_2682,604947831564804000,0.54583076,132.9948293,12.03,1.15,15.371176,1.048684
NGC_2682,605002600987738000,0.54531637,132.9726338,12.25,1.178,17.33302,2.131481
NGC_2682,604966866859979000,0.54492511,132.5719416,11.91,1.101,15.314818,1.036302
NGC_2682,598954183228037000,0.54481823,132.3923662,11.68,1.132,15.992601,1.239974
NGC_2682,604949888853090000,0.5445716,133.136241,12.11,1.17,12.519697,0.756651
NGC_2682,604918247830308000,0.54425698,132.8877356,11.85,1.208,15.021776,1.0146775
NGC_2682,604972394482499000,0.54226272,132.7720665,12.03,1.057,17.03083,1.824326
NGC_2682,605017787992166000,0.54183045,132.6225468,12.32,1.161,12.390281,0.781606
NGC_2682,605019162381688000,0.54165666,132.6399831,12.38,1.144,14.9446125,0.947403
NGC_2682,604913574905773000,0.54159725,132.6445161,11.76,1.247,15.418537,1.051321
NGC_2682,604701953276604000,0.54075212,132.952067,11.43,1.156,12.962245,0.752628
NGC_2682,604966862565338000,0.54072363,132.5658549,11.91,1.11,20.0262,2.572904
NGC_2682,604921718163731000,0.54044784,132.7686539,11.86,0.99,13.870309,0.854948
NGC_2682,604919136887961000,0.54041293,132.9901177,11.86,1.062,19.581518,2.179506
NGC_2682,604917320117400000,0.54035649,132.8457332,11.78,0.9527,18.315613,2.055262
NGC_2682,604968683630310000,0.53915869,132.5008523,11.98,1.192,17.611038,1.826242
NGC_2682,604916392404461000,0.53900952,132.873967,11.75,1.013,17.225681,1.680969
NGC_2682,604918247830313000,0.53807547,132.8794198,11.84,0.9798,18.899218,2.249273
NGC_2682,604704770775148000,0.53782375,133.0456649,11.53,1.17,10.587041,1.293354
NGC_2682,598900105294874000,0.53723849,132.5484619,11.48,1.184,17.001232,1.621018
NGC_2682,604969954941059000,0.53678638,132.7618773,11.98,1.205,15.949997,1.196916
NGC_2682,604969340761110000,0.53532839,132.726199,11.92,1.208,14.820488,1.060746
NGC_2682,604996106997220000,0.53467256,132.9163788,12.09,1.072,18.741098,2.113165
NGC_2682,598904842643466000,0.53466611,132.48749,11.57,1.139,15.059569,0.967928
NGC_2682,604713017112351000,0.53398035,133.1859681,11.64,1.172,16.438288,1.4018365
NGC_2682,604977209141167000,0.53360688,132.7005455,12.12,1.09,15.567408,1.332436
NGC_2682,598884952650222000,0.53304199,132.8497487,11.41,1.138,13.148294,0.730224
NGC_2682,604891550313645000,0.53292376,132.9264477,11.54,1.193,13.050789,0.739162
NGC_2682,604901102320830000,0.53290129,133.1413068,11.69,1.072,15.995378,1.251438
NGC_2682,604951301898543000,0.53286547,133.2439558,12.04,1.158,13.950937,0.875759
NGC_2682,604967996435524000,0.53213785,132.5000551,11.95,1.142,13.381305,0.736184
NGC_2682,598884746491793000,0.53207717,132.8511494,11.39,1.154,13.011026,0.7392645
NGC_2682,604965522534368000,0.53202717,132.4857153,11.9,1.22,17.51174,1.956897
NGC_2682,604918522708192000,0.53162383,132.9948397,11.83,1.149,14.14483,0.867873
NGC_2682,598694939001775000,0.53108407,132.8012981,11.31,1.151,13.909688,0.774783
NGC_2682,604965488175031000,0.53106814,132.504178,11.89,1.187,19.34953,2.492399
NGC_2682,604965664269159000,0.5294533,132.3943557,11.86,1.151,9.094762,1.483386
NGC_2682,604947140074787000,0.52925879,133.0026064,11.99,1.093,18.755735,2.220383
NGC_2682,604917423196681000,0.52921653,132.8534685,11.8,1.07,14.304366,0.944413
NGC_2682,604914193381246000,0.52883806,132.6984931,11.75,0.9923,16.16025,1.476476
NGC_2682,604926494167461000,0.5280678,133.1849957,11.82,1.127,15.631971,1.417509
NGC_2682,604972394482497000,0.52798795,132.7735427,12.03,1.056,18.798012,2.352056
NGC_2682,598959822520052000,0.52789575,132.3947957,11.79,1.126,14.189812,0.798741
NGC_2682,604903056530307000,0.52780266,132.9947873,11.67,1.069,18.171112,2.337195
NGC_2682,598889419416218000,0.52731799,132.7341794,11.48,1.158,15.728919,1.160122
NGC_2682,604897696411108000,0.52702458,132.8234949,11.64,1.156,17.851322,1.963693
NGC_2682,598906633645152000,0.5269772,132.5553551,11.62,1.099,15.705956,1.119859
NGC_2682,598695007721506000,0.5264403,132.7945565,11.32,1.137,17.255587,1.729891
NGC_2682,605002016872204000,0.5261515,132.9153728,12.2,1.137,15.329233,1.07753
NGC_2682,604998237300962000,0.5260355,133.0413877,12.18,1.141,14.002153,0.794309
NGC_2682,604917831217882000,0.52542524,132.8883898,11.81,1.151,12.55852,0.76616
NGC_2682,604922817675316000,0.52541223,132.8838536,11.9,1.017,18.915993,2.53014
NGC_2682,604736072496791000,0.52510458,133.3011769,11.67,1.181,14.501789,0.868834
NGC_2682,604901957018618000,0.52448758,133.1261032,11.71,1.068,13.976336,0.7843215
NGC_2682,598906942882791000,0.52405354,132.5925242,11.64,1.245,18.087387,1.994081
NGC_2682,605013767903056000,0.52400924,132.7263629,12.26,1.1,13.485824,0.732927
NGC_2682,605013145137827000,0.52400924,132.6881372,12.21,1.148,18.009321,2.271698
NGC_2682,604703941846497000,0.524,133.037687,11.47,1.145,13.140885,0.732402
NGC_2682,604913948567398000,0.52335175,132.7208508,11.73,1.011,17.432917,1.792854
NGC_2682,604914262100725000,0.52285882,132.6820723,11.76,1.107,16.1534,1.289126
NGC_2682,605000779921665000,0.52227101,132.7613894,12.15,1.168,16.125412,1.297679
NGC_2682,598959371548060000,0.52191548,132.3551401,11.77,1.109,15.611175,1.10226
NGC_2682,604904156041875000,0.52170339,132.9518937,11.71,1.159,13.885436,0.774747
NGC_2682,604896566835440000,0.52092099,132.9041833,11.61,1.233,14.599969,1.032629
NGC_2682,604916873440766000,0.51987611,132.9527235,11.79,1.133,14.595134,0.94522
NGC_2682,604915499051114000,0.51963996,132.6527469,11.82,1.104,12.900631,0.777764
NGC_2682,604930445537380000,0.51790025,133.1200436,11.86,1.12,19.08362,2.39319
NGC_2682,604981847705912000,0.51751431,132.4422979,12.06,1.153,15.324436,1.035276
NGC_2682,605018677049608000,0.51740885,132.5675479,12.33,1.13,14.149156,0.786827
NGC_2682,604964496038052000,0.51608497,132.4539587,11.81,1.143,15.134989,1.184584
NGC_2682,604902442350618000,0.51568749,133.1487041,11.74,1.232,19.442488,2.263393
NGC_2682,604711539643603000,0.51511618,133.1497921,11.62,1.169,14.830228,0.945831
NGC_2682,604995278068254000,0.51503907,132.8898168,12.04,1.215,18.793358,2.220804
NGC_2682,604900239031754000,0.51503095,133.0557705,11.65,1.101,17.517235,2.166179
NGC_2682,604712188183890000,0.51498025,133.3019352,11.62,1.139,17.235138,1.706638
NGC_2682,604926631606410000,0.51480659,133.2343299,11.81,1.166,12.279008,1.152612
NGC_2682,604906599878985000,0.51391984,132.9920201,11.8,1.272,15.7270155,1.311016
NGC_2682,598885979147130000,0.51362692,132.8251492,11.44,1.181,13.097951,0.741393
NGC_2682,605018578266152000,0.51342957,132.5990874,12.33,1.128,12.562445,0.712632
NGC_2682,604993598736391000,0.51327804,132.5483503,12.24,1.166,14.034807,0.788509
NGC_2682,604904293480904000,0.51311192,132.9151855,11.71,1.038,16.25642,1.315298
NGC_2682,598694153022998000,0.51266294,132.7944368,11.27,1.128,14.549197,1.03077
NGC_2682,604917835512485000,0.51261716,132.8762406,11.82,1.285,17.091047,1.61812
NGC_2682,604976625025625000,0.51209642,132.6866118,12.09,1.065,17.737473,1.912086
NGC_2682,604999779194001000,0.51078076,132.8050919,12.12,1.228,17.905495,2.248539
NGC_2682,598957790999877000,0.51024499,132.3131169,11.74,1.149,14.042405,0.784575
NGC_2682,604918552772398000,0.51012313,132.9997001,11.84,1.085,17.350405,1.944839
NGC_2682,604913987222817000,0.51008848,132.7069286,11.73,1.115,16.086548,1.334707
NGC_2682,604923706733209000,0.50954945,132.9394676,11.96,1.042,16.410458,1.664403
NGC_2682,604917491916094000,0.50883259,132.8291247,11.79,0.9837,17.997208,1.986336
NGC_2682,604928658830961000,0.50862536,133.2985833,11.9,1.108,15.37342,1.043566
NGC_2682,598907522703329000,0.50855177,132.5178672,11.65,1.107,17.15753,1.934948
NGC_2682,604901686436367000,0.50794796,133.1951399,11.73,1.052,17.111662,1.649757
NGC_2682,604923745388235000,0.50723301,132.9203829,11.96,1.155,15.54789,1.296353
NGC_2682,598901788922042000,0.50700291,132.6326639,11.5,1.106,15.386318,1.059467
NGC_2682,604943227360042000,0.50683254,133.1383827,11.95,1.097,14.353016,0.845998
NGC_2682,604895329886451000,0.50680818,132.7621693,11.56,1.11,15.615736,1.106534
NGC_2682,604923470510324000,0.50639947,132.9534438,11.95,1.245,12.654641,1.106648
NGC_2682,604911547681375000,0.50568004,132.7835912,11.76,1.006,17.485126,1.829335
NGC_2682,604911341522931000,0.50563728,132.836051,11.76,1.188,15.5028305,1.263285
NGC_2682,604949201658390000,0.5054673,133.0671773,12.05,1.211,17.762472,1.971319
NGC_2682,604896498115959000,0.50503698,132.9257811,11.6,1.257,17.50314,1.781803
NGC_2682,604914055942336000,0.50446767,132.734217,11.75,1.115,15.818504,1.421021
NGC_2682,604897146655295000,0.50384249,132.9124161,11.64,1.195,19.063505,2.256148
NGC_2682,604915013719303000,0.50374866,132.6656379,11.76,1.045,18.285435,2.062899
NGC_2682,604961021409000000,0.50296524,132.5647797,11.8,1.24,17.62686,1.830351
NGC_2682,604968340033344000,0.50281727,132.5423235,11.95,1.194,16.799265,1.546315
NGC_2682,604903576222014000,0.50157292,133.0241453,11.71,1.161,13.562483,0.784456
NGC_2682,604914983655020000,0.50103323,132.7587909,11.82,1.28,13.173609,0.793715
NGC_2682,604998404803662000,0.50046269,133.0056122,12.19,1.135,13.519313,0.750052